epoch,time,train/box_loss,train/cls_loss,train/dfl_loss,metrics/precision(B),metrics/recall(B),metrics/mAP50(B),metrics/mAP50-95(B),val/box_loss,val/cls_loss,val/dfl_loss,lr/pg0,lr/pg1,lr/pg2
1,41.5411,2.00256,6.03869,2.13549,0.72245,0.15594,0.19334,0.08764,2.10838,2.86245,2.89324,0.067802,0.000995816,0.000995816
2,85.6173,2.07212,3.83642,2.20657,0.07164,0.06944,0.01823,0.00518,2.74459,6.62257,6.1657,0.0354554,0.00198264,0.00198264
3,128.845,2.02353,3.59715,2.17752,0.57451,0.15278,0.06853,0.03276,1.99786,17.1886,2.77662,0.00309574,0.00295627,0.00295627
4,171.888,1.97982,3.42228,2.09316,0.08029,0.16667,0.06603,0.02833,2.03443,40.6776,2.66421,0.0029406,0.0029406,0.0029406
5,215.459,1.81224,3.22947,1.96435,0.62805,0.19444,0.15164,0.06089,2.00756,3.46117,2.5573,0.0029208,0.0029208,0.0029208
6,259.027,1.99485,3.65595,2.18939,0,0,0,0,1.97758,781.932,2.59513,0.002901,0.002901,0.002901
7,302.591,1.84505,3.18869,2.03254,0.67546,0.23611,0.21036,0.09859,1.85586,2.50241,2.41433,0.0028812,0.0028812,0.0028812
8,346.892,1.86156,3.19925,2.01623,0.74699,0.21704,0.21309,0.10638,1.81458,2.3326,2.40228,0.0028614,0.0028614,0.0028614
9,391.254,1.74679,2.97219,1.88901,0.61877,0.34722,0.21194,0.09884,1.72592,2.29657,2.29826,0.0028416,0.0028416,0.0028416
10,439.031,1.83092,2.99975,1.95365,0.54601,0.06944,0.0553,0.02231,2.11683,3.12315,2.59627,0.0028218,0.0028218,0.0028218
11,484.358,1.90486,3.17086,2.11674,0.73473,0.25816,0.21147,0.08256,1.84956,2.38148,2.35628,0.002802,0.002802,0.002802
12,527.312,1.73764,2.87256,1.84375,0.79578,0.2817,0.31095,0.1467,1.74909,2.11893,2.32828,0.0027822,0.0027822,0.0027822
13,571.636,1.71871,2.96198,1.82078,0.75917,0.29167,0.28045,0.12885,1.78654,2.08213,2.33544,0.0027624,0.0027624,0.0027624
14,615.165,1.7403,2.81668,1.83975,0.18861,0.36111,0.31097,0.15684,1.7209,1.87685,2.24794,0.0027426,0.0027426,0.0027426
15,660.464,1.68976,2.86468,1.86688,0.20748,0.29167,0.34969,0.14238,1.78828,2.10061,2.29999,0.0027228,0.0027228,0.0027228
16,704.93,1.68294,2.76996,1.82103,0.74434,0.19444,0.25656,0.12097,1.81437,2.13055,2.32315,0.002703,0.002703,0.002703
17,748.839,1.6264,2.71806,1.75201,0.30696,0.32052,0.32127,0.1463,1.69831,2.12064,2.26754,0.0026832,0.0026832,0.0026832
18,792.669,1.68284,2.62381,1.8108,0.75699,0.29167,0.3601,0.14486,1.72583,2.03384,2.27013,0.0026634,0.0026634,0.0026634
19,836.029,1.71679,2.72252,1.90057,0.69869,0.20833,0.30567,0.14401,1.84898,2.2454,2.31099,0.0026436,0.0026436,0.0026436
20,880.832,1.82837,2.89378,1.90648,0.30006,0.37379,0.33689,0.15573,1.7571,1.99622,2.23503,0.0026238,0.0026238,0.0026238
21,926.733,1.66248,2.62993,1.79875,0.47386,0.38889,0.36419,0.17341,1.75465,2.08993,2.25449,0.002604,0.002604,0.002604
22,972.818,1.64937,2.56768,1.79797,0.36284,0.49755,0.39947,0.19662,1.72419,1.99497,2.23659,0.0025842,0.0025842,0.0025842
23,1018.48,1.73461,2.71404,1.87041,0.84958,0.31944,0.48697,0.22154,1.73049,1.98189,2.23725,0.0025644,0.0025644,0.0025644
24,1064.22,1.63803,2.67197,1.74023,0.28718,0.25,0.29034,0.16244,1.67727,2.38286,2.17391,0.0025446,0.0025446,0.0025446
25,1108.1,1.59148,2.59095,1.69735,0.40822,0.54861,0.45554,0.19874,1.80235,1.9071,2.31619,0.0025248,0.0025248,0.0025248
26,1152.26,1.64826,2.59343,1.78215,0.79683,0.36111,0.44021,0.20795,1.69445,1.99297,2.23593,0.002505,0.002505,0.002505
27,1197.02,1.63033,2.37334,1.75897,0.03778,0.15972,0.0519,0.02421,1.99286,4.95905,2.5081,0.0024852,0.0024852,0.0024852
28,1241.15,1.69382,2.62437,1.88126,0.72684,0.22222,0.44765,0.16731,1.76892,2.33766,2.26579,0.0024654,0.0024654,0.0024654
29,1285.67,1.61581,2.47142,1.75629,0.35831,0.38822,0.34978,0.14963,1.71424,2.26331,2.21983,0.0024456,0.0024456,0.0024456
30,1329.84,1.61273,2.55681,1.76209,0.72706,0.30048,0.34966,0.14556,1.75006,2.01216,2.26859,0.0024258,0.0024258,0.0024258
31,1375.27,1.59331,2.54446,1.71908,0.65247,0.29167,0.3913,0.1609,1.63955,2.1057,2.16976,0.002406,0.002406,0.002406
32,1420.49,1.62501,2.59163,1.71988,0.25641,0.36491,0.42042,0.2032,1.62036,1.86319,2.17441,0.0023862,0.0023862,0.0023862
33,1464.39,1.59425,2.42784,1.72694,0.32143,0.37654,0.35709,0.17423,1.68862,1.83574,2.23399,0.0023664,0.0023664,0.0023664
34,1508.78,1.53041,2.39088,1.72766,0.27858,0.26216,0.33556,0.15869,1.66724,2.11695,2.18923,0.0023466,0.0023466,0.0023466
35,1553.33,1.59239,2.4099,1.74276,0.35413,0.48611,0.40359,0.19509,1.65143,1.81561,2.15395,0.0023268,0.0023268,0.0023268
36,1600.14,1.56559,2.40639,1.7311,0.75572,0.31944,0.5004,0.2583,1.61344,1.94658,2.14151,0.002307,0.002307,0.002307
37,1646.64,1.63172,2.55078,1.78977,0.42453,0.63194,0.60861,0.27573,1.67436,1.66056,2.19335,0.0022872,0.0022872,0.0022872
38,1693.1,1.6479,2.33602,1.79903,0.47836,0.56944,0.55296,0.22043,1.68166,1.77078,2.22381,0.0022674,0.0022674,0.0022674
39,1737.11,1.61841,2.36272,1.72834,0.83611,0.26389,0.3693,0.1799,1.71093,1.87913,2.20677,0.0022476,0.0022476,0.0022476
40,1781,1.6834,2.51472,1.82539,0.2998,0.54574,0.38074,0.18641,1.5638,1.82362,2.08584,0.0022278,0.0022278,0.0022278
41,1836.22,1.62488,2.40406,1.77207,0.42505,0.43056,0.42276,0.23469,1.60114,1.89383,2.10191,0.002208,0.002208,0.002208
42,1881.61,1.52773,2.30346,1.72083,0.88069,0.35464,0.44708,0.23875,1.59534,1.86642,2.08517,0.0021882,0.0021882,0.0021882
43,1925.83,1.52862,2.2401,1.67832,0.37848,0.53847,0.38611,0.19356,1.53259,1.86831,2.05783,0.0021684,0.0021684,0.0021684
44,1971.19,1.55917,2.291,1.72519,0.81911,0.34311,0.39503,0.19304,1.52561,1.76437,2.0918,0.0021486,0.0021486,0.0021486
45,2017.67,1.61334,2.36085,1.74592,0.83536,0.34722,0.37013,0.19408,1.55574,1.87289,2.07517,0.0021288,0.0021288,0.0021288
46,2064.96,1.60183,2.33921,1.7301,0.24735,0.34722,0.36273,0.18452,1.55778,1.91786,2.10984,0.002109,0.002109,0.002109
47,2112.59,1.50618,2.3705,1.7093,0.91942,0.30556,0.47952,0.24071,1.56124,1.60569,2.08609,0.0020892,0.0020892,0.0020892
48,2160.86,1.5935,2.40055,1.72991,0.45588,0.5,0.37715,0.17739,1.68379,2.22901,2.17928,0.0020694,0.0020694,0.0020694
49,2214.55,1.56432,2.3712,1.76671,0.32941,0.51389,0.40782,0.20858,1.53163,1.68253,2.06741,0.0020496,0.0020496,0.0020496
50,2261.12,1.60825,2.35823,1.78345,0.30334,0.50584,0.43238,0.2031,1.59096,1.84876,2.08642,0.0020298,0.0020298,0.0020298
51,2304.78,1.55193,2.44266,1.6873,0.31201,0.36806,0.38082,0.19879,1.57669,1.95743,2.07876,0.00201,0.00201,0.00201
52,2350.48,1.47711,2.18171,1.65288,0.39549,0.65972,0.47296,0.23245,1.56461,1.75294,2.06198,0.0019902,0.0019902,0.0019902
53,2393.35,1.50915,2.12491,1.70139,0.42867,0.59795,0.5081,0.24591,1.54632,1.7225,2.04801,0.0019704,0.0019704,0.0019704
54,2437.61,1.54013,2.16476,1.72515,0.40542,0.55403,0.45316,0.22948,1.59362,1.73788,2.06596,0.0019506,0.0019506,0.0019506
55,2482.16,1.51492,2.25747,1.6986,0.3592,0.38823,0.4363,0.2301,1.54316,1.67772,2.03006,0.0019308,0.0019308,0.0019308
56,2527.33,1.54319,2.09568,1.72956,0.46454,0.40278,0.42216,0.20507,1.59039,2.01978,2.06829,0.001911,0.001911,0.001911
57,2570.57,1.53255,2.23567,1.68138,0.45079,0.30932,0.37643,0.19366,1.61169,2.30099,2.10118,0.0018912,0.0018912,0.0018912
58,2613.4,1.47558,2.3066,1.67739,0.40206,0.5,0.49977,0.24974,1.56239,1.61895,2.07178,0.0018714,0.0018714,0.0018714
59,2655.83,1.39349,2.06946,1.5835,0.47092,0.25694,0.39936,0.21476,1.53283,2.21851,2.0512,0.0018516,0.0018516,0.0018516
60,2698.5,1.44869,2.11345,1.62145,0.32418,0.54167,0.42288,0.21357,1.61865,1.61768,2.10974,0.0018318,0.0018318,0.0018318
61,2742.4,1.48589,2.22193,1.71391,0.23342,0.40278,0.41342,0.22214,1.57068,1.76226,2.06942,0.001812,0.001812,0.001812
62,2786,1.55764,2.1797,1.69397,0.38268,0.28428,0.36133,0.19493,1.6382,2.26878,2.11964,0.0017922,0.0017922,0.0017922
63,2830.33,1.53556,2.1476,1.67637,0.43932,0.63889,0.48856,0.24719,1.58209,1.5509,2.08495,0.0017724,0.0017724,0.0017724
64,2874.22,1.44643,2.14123,1.58907,0.46744,0.48244,0.47321,0.24141,1.52664,1.75779,2.03894,0.0017526,0.0017526,0.0017526
65,2917.96,1.49611,2.05065,1.63969,0.4812,0.5625,0.48877,0.2524,1.58727,1.70515,2.0596,0.0017328,0.0017328,0.0017328
66,2961.16,1.51211,2.01603,1.70015,0.37623,0.57639,0.48764,0.25595,1.55735,1.61808,2.03883,0.001713,0.001713,0.001713
67,3004.73,1.45392,1.99349,1.62545,0.39991,0.61069,0.4867,0.22849,1.5554,1.80671,2.03734,0.0016932,0.0016932,0.0016932
68,3047.61,1.4659,2.09586,1.61264,0.43834,0.54861,0.48717,0.24026,1.52626,1.61678,2.07503,0.0016734,0.0016734,0.0016734
69,3090.46,1.4133,2.05873,1.5876,0.53531,0.52754,0.53858,0.23761,1.61337,2.05694,2.13412,0.0016536,0.0016536,0.0016536
70,3133.87,1.47555,2.21363,1.68422,0.47056,0.74306,0.59452,0.29517,1.51143,1.52197,2.0609,0.0016338,0.0016338,0.0016338
71,3178.37,1.59085,2.12766,1.78316,0.54316,0.54646,0.54573,0.27336,1.52876,1.72458,2.05382,0.001614,0.001614,0.001614
72,3221.94,1.54187,2.21671,1.77099,0.46254,0.70139,0.55698,0.26008,1.57304,1.55178,2.08128,0.0015942,0.0015942,0.0015942
73,3264.87,1.50712,2.00998,1.65156,0.54476,0.45833,0.55351,0.26238,1.54769,1.55615,2.02871,0.0015744,0.0015744,0.0015744
74,3308.37,1.45819,2.03691,1.67365,0.3626,0.68056,0.46423,0.24929,1.52557,1.55599,2.00358,0.0015546,0.0015546,0.0015546
75,3351.47,1.38017,1.9369,1.57272,0.56527,0.59355,0.53297,0.30114,1.51106,1.67283,2.00294,0.0015348,0.0015348,0.0015348
76,3394.67,1.57048,2.2138,1.71154,0.25889,0.58333,0.46058,0.22178,1.54319,1.6294,2.06099,0.001515,0.001515,0.001515
77,3437.44,1.50106,2.06625,1.68105,0.55982,0.55749,0.60809,0.27414,1.61658,1.8862,2.08065,0.0014952,0.0014952,0.0014952
78,3480.22,1.47812,2.12467,1.69765,0.4201,0.69444,0.52288,0.23539,1.58384,1.67435,2.09129,0.0014754,0.0014754,0.0014754
79,3529.67,1.48729,2.1193,1.67433,0.57493,0.6875,0.5796,0.2904,1.5068,1.60836,1.97763,0.0014556,0.0014556,0.0014556
80,3575.42,1.55063,2.12533,1.72772,0.5916,0.70833,0.60689,0.29351,1.4921,1.53009,1.98485,0.0014358,0.0014358,0.0014358
81,3618.52,1.46569,1.88221,1.64291,0.63487,0.67194,0.656,0.29191,1.49387,1.65598,2.00324,0.001416,0.001416,0.001416
82,3662.4,1.50307,1.79375,1.65923,0.584,0.65278,0.59862,0.27835,1.50817,1.59891,2.00318,0.0013962,0.0013962,0.0013962
83,3705.88,1.40084,1.95432,1.5615,0.50396,0.56944,0.51586,0.26055,1.52912,1.83582,2.0062,0.0013764,0.0013764,0.0013764
84,3748.78,1.50504,1.95835,1.64118,0.53641,0.68049,0.62118,0.31484,1.48338,1.46772,1.9615,0.0013566,0.0013566,0.0013566
85,3792.61,1.32271,1.81061,1.53479,0.49706,0.45272,0.52947,0.27165,1.5188,1.92818,2.00285,0.0013368,0.0013368,0.0013368
86,3835.44,1.49595,1.95105,1.67583,0.42958,0.68056,0.51738,0.26326,1.50283,1.51483,2.01592,0.001317,0.001317,0.001317
87,3878.71,1.49123,1.81098,1.6597,0.48909,0.61111,0.53666,0.26926,1.49097,1.53838,2.01657,0.0012972,0.0012972,0.0012972
88,3921.55,1.42766,1.96732,1.62983,0.33149,0.38889,0.49078,0.26465,1.51409,1.59078,2.04054,0.0012774,0.0012774,0.0012774
89,3964.53,1.33785,1.87858,1.51058,0.38055,0.6449,0.53925,0.27813,1.46641,1.35629,1.96268,0.0012576,0.0012576,0.0012576
90,4007.34,1.43308,1.97004,1.63059,0.55835,0.54167,0.51203,0.2724,1.44719,1.61026,1.96952,0.0012378,0.0012378,0.0012378
91,4049.95,1.48152,1.99126,1.6753,0.6717,0.65972,0.63432,0.32431,1.44077,1.40868,1.93091,0.001218,0.001218,0.001218
92,4093.71,1.42976,1.81149,1.66503,0.49686,0.70139,0.67448,0.3434,1.46446,1.48053,1.95326,0.0011982,0.0011982,0.0011982
93,4138.37,1.32286,1.74708,1.50398,0.57179,0.72222,0.60627,0.30715,1.46558,1.66077,1.97629,0.0011784,0.0011784,0.0011784
94,4181.46,1.46845,1.89096,1.67411,0.48609,0.75817,0.56941,0.28984,1.48896,1.54916,1.97464,0.0011586,0.0011586,0.0011586
95,4224.74,1.42705,1.957,1.60365,0.43824,0.6875,0.53575,0.27702,1.47979,1.56109,1.98596,0.0011388,0.0011388,0.0011388
96,4267.64,1.3846,1.94099,1.6392,0.48168,0.65278,0.55119,0.30296,1.41237,1.49519,1.93343,0.001119,0.001119,0.001119
97,4310.81,1.4157,1.87011,1.62245,0.53465,0.63889,0.63051,0.32897,1.44231,1.40125,1.94741,0.0010992,0.0010992,0.0010992
98,4354.71,1.37592,1.7594,1.57252,0.61562,0.73512,0.61986,0.30661,1.51784,1.57898,2.00829,0.0010794,0.0010794,0.0010794
99,4397.68,1.42153,1.84839,1.64754,0.46784,0.81944,0.60123,0.29894,1.43557,1.34795,1.95494,0.0010596,0.0010596,0.0010596
100,4440.56,1.42833,1.96445,1.60166,0.50966,0.78923,0.58984,0.30224,1.42969,1.45126,1.91818,0.0010398,0.0010398,0.0010398
101,4483.75,1.44307,1.96049,1.60258,0.5486,0.625,0.6149,0.28066,1.48565,1.59215,1.97249,0.00102,0.00102,0.00102
102,4526.9,1.42199,1.84974,1.60988,0.57636,0.54691,0.64157,0.29572,1.5385,1.53646,1.96933,0.0010002,0.0010002,0.0010002
103,4569.78,1.38575,1.8553,1.59856,0.50874,0.693,0.56416,0.289,1.41265,1.55976,1.91401,0.0009804,0.0009804,0.0009804
104,4612.68,1.44583,1.97051,1.63638,0.44054,0.54167,0.55493,0.30586,1.38788,1.50282,1.92271,0.0009606,0.0009606,0.0009606
105,4655.8,1.40721,1.78344,1.63727,0.48956,0.78395,0.65703,0.31984,1.43871,1.34568,1.9387,0.0009408,0.0009408,0.0009408
106,4698.43,1.39836,1.9591,1.65788,0.44211,0.55556,0.54041,0.2867,1.51515,1.50301,1.99754,0.000921,0.000921,0.000921
107,4741.3,1.3281,1.7287,1.55795,0.56716,0.69196,0.63919,0.32038,1.4544,1.51901,1.93828,0.0009012,0.0009012,0.0009012
108,4784.66,1.41123,1.83262,1.6128,0.58199,0.7119,0.62717,0.33343,1.41034,1.33002,1.91866,0.0008814,0.0008814,0.0008814
109,4829.63,1.36644,1.72052,1.5576,0.7424,0.67473,0.74839,0.35556,1.45109,1.35248,1.93233,0.0008616,0.0008616,0.0008616
110,4878.01,1.31527,1.81636,1.55549,0.6693,0.59028,0.70854,0.33617,1.43168,1.42505,1.93056,0.0008418,0.0008418,0.0008418
111,4920.76,1.25609,1.54406,1.42954,0.5549,0.63889,0.58745,0.29701,1.39251,1.52857,1.93532,0.000822,0.000822,0.000822
112,4964.07,1.40488,1.77392,1.6397,0.69019,0.77367,0.65432,0.32494,1.42471,1.53435,1.93895,0.0008022,0.0008022,0.0008022
113,5007.27,1.33905,1.64605,1.62719,0.66232,0.83673,0.69475,0.34533,1.45647,1.33231,1.96346,0.0007824,0.0007824,0.0007824
114,5050.82,1.29581,1.64864,1.52293,0.64374,0.75694,0.70253,0.36171,1.42401,1.28663,1.9217,0.0007626,0.0007626,0.0007626
115,5094.85,1.32082,1.583,1.60084,0.64676,0.72222,0.61718,0.3377,1.36269,1.41804,1.87507,0.0007428,0.0007428,0.0007428
116,5137.89,1.34092,1.74601,1.53418,0.48388,0.83333,0.6122,0.33681,1.37128,1.35142,1.91203,0.000723,0.000723,0.000723
117,5180.75,1.32989,1.71519,1.53774,0.53416,0.73165,0.65402,0.34232,1.37717,1.43752,1.88587,0.0007032,0.0007032,0.0007032
118,5224,1.29865,1.65503,1.5213,0.58787,0.65278,0.64221,0.34051,1.38723,1.40406,1.88171,0.0006834,0.0006834,0.0006834
119,5267.3,1.29705,1.55169,1.53782,0.60411,0.70898,0.61535,0.34055,1.37503,1.37362,1.90024,0.0006636,0.0006636,0.0006636
120,5310.58,1.38239,1.67721,1.54598,0.52797,0.58227,0.58901,0.31686,1.45138,1.36137,1.95545,0.0006438,0.0006438,0.0006438
121,5353.77,1.37892,1.69367,1.56961,0.68018,0.6637,0.71654,0.35528,1.46829,1.28421,1.9471,0.000624,0.000624,0.000624
122,5396.71,1.32372,1.6403,1.51166,0.59524,0.68056,0.73339,0.37346,1.35078,1.27053,1.86514,0.0006042,0.0006042,0.0006042
123,5440.73,1.35687,1.69378,1.56149,0.64372,0.84028,0.69059,0.37031,1.33994,1.34186,1.86365,0.0005844,0.0005844,0.0005844
124,5483.49,1.32407,1.68455,1.53396,0.68012,0.86806,0.67888,0.3755,1.31857,1.21484,1.83251,0.0005646,0.0005646,0.0005646
125,5526.48,1.28935,1.60645,1.4455,0.67148,0.82242,0.73874,0.3778,1.34219,1.28746,1.85341,0.0005448,0.0005448,0.0005448
126,5570.11,1.24679,1.56244,1.46087,0.73449,0.77778,0.7076,0.39913,1.34703,1.29682,1.84573,0.000525,0.000525,0.000525
127,5614,1.23787,1.4359,1.49326,0.69479,0.73321,0.65895,0.37816,1.35532,1.34946,1.86599,0.0005052,0.0005052,0.0005052
128,5657.2,1.2739,1.53312,1.51555,0.70708,0.73087,0.74633,0.37487,1.37989,1.27988,1.85639,0.0004854,0.0004854,0.0004854
129,5700.29,1.37557,1.64855,1.56627,0.72874,0.77083,0.75443,0.39013,1.35813,1.35121,1.84342,0.0004656,0.0004656,0.0004656
130,5743.26,1.28085,1.55898,1.50809,0.757,0.63351,0.75031,0.40011,1.35219,1.54658,1.87091,0.0004458,0.0004458,0.0004458
131,5787.38,1.3101,1.59055,1.52861,0.72066,0.75807,0.80835,0.44823,1.25518,1.22211,1.79238,0.000426,0.000426,0.000426
132,5831.68,1.28755,1.565,1.54294,0.79981,0.77162,0.81188,0.45967,1.254,1.22921,1.79954,0.0004062,0.0004062,0.0004062
133,5875.5,1.30903,1.59235,1.52187,0.66841,0.73055,0.7445,0.41682,1.3064,1.25461,1.82852,0.0003864,0.0003864,0.0003864
134,5918.65,1.23633,1.51397,1.45841,0.78222,0.6541,0.7377,0.38606,1.36721,1.30379,1.84149,0.0003666,0.0003666,0.0003666
135,5961.92,1.29203,1.49844,1.52209,0.78463,0.68668,0.7198,0.37861,1.32388,1.27485,1.824,0.0003468,0.0003468,0.0003468
136,6006.57,1.34898,1.61741,1.58972,0.67782,0.75694,0.68154,0.38385,1.31007,1.23284,1.83832,0.000327,0.000327,0.000327
137,6050.08,1.21815,1.53767,1.42536,0.65507,0.73611,0.70348,0.37595,1.35922,1.41672,1.86517,0.0003072,0.0003072,0.0003072
138,6095,1.27617,1.46301,1.50457,0.65103,0.79167,0.66974,0.39304,1.32322,1.21237,1.82885,0.0002874,0.0002874,0.0002874
139,6137.91,1.22795,1.53118,1.47379,0.71075,0.71474,0.75881,0.41751,1.3245,1.21311,1.82523,0.0002676,0.0002676,0.0002676
140,6180.26,1.24141,1.39215,1.43728,0.72229,0.76389,0.79956,0.43689,1.28671,1.21699,1.81181,0.0002478,0.0002478,0.0002478
141,6230.41,1.42675,1.54252,1.74215,0.74806,0.68705,0.75074,0.43663,1.24316,1.20546,1.79194,0.000228,0.000228,0.000228
142,6272.47,1.40085,1.59425,1.77665,0.80067,0.75,0.82355,0.47518,1.22515,1.20329,1.77556,0.0002082,0.0002082,0.0002082
143,6316.39,1.40598,1.57655,1.81044,0.66749,0.76234,0.75997,0.44411,1.32234,1.28775,1.80805,0.0001884,0.0001884,0.0001884
144,6358.9,1.38335,1.47494,1.74114,0.66152,0.80556,0.79441,0.47656,1.26124,1.16522,1.77632,0.0001686,0.0001686,0.0001686
145,6401.32,1.39181,1.41,1.75472,0.59897,0.81944,0.71324,0.44802,1.24565,1.19248,1.78336,0.0001488,0.0001488,0.0001488
146,6443.83,1.37286,1.40068,1.7262,0.58387,0.75,0.6194,0.38719,1.29691,1.3531,1.80731,0.000129,0.000129,0.000129
147,6486.43,1.425,1.46896,1.78097,0.6545,0.66423,0.62658,0.3787,1.30131,1.33517,1.79879,0.0001092,0.0001092,0.0001092
148,6529.05,1.38305,1.43388,1.75491,0.76314,0.75,0.79313,0.4163,1.28118,1.23921,1.79863,8.94e-05,8.94e-05,8.94e-05
149,6570.95,1.3762,1.42912,1.71543,0.72444,0.81049,0.80734,0.44291,1.25646,1.178,1.77428,6.96e-05,6.96e-05,6.96e-05
150,6612.74,1.33509,1.36058,1.70317,0.75235,0.83333,0.83302,0.46205,1.2432,1.14123,1.77118,4.98e-05,4.98e-05,4.98e-05
